8126M01,cypha
8126M02,cypha
8194M01,cypha
8194M02,cypha
830M001,cypha
830M002,cypha
830M003,cypha
830M005,cypha
830M006,cypha
830M07,cypha
830M08,cypha
844M001,cypha
844M002,cypha
868M01,cypha
868M02,cypha
8BKR001,cypha
8BKR003,cypha
8BKR004,cypha
8BKR005,cypha
8BKR006,cypha
8BKR007,cypha
8BKR008,cypha
8BKR009,cypha
8BKR010,cypha
8BKR031,cypha
8BKR032,cypha
8BKR033,cypha
8BKR034,cypha
8BKR035,cypha
8BKR036,cypha
8BKR037,cypha
8BKR038,cypha
8BKR049,cypha
8DES025,cypha
8DES026,cypha
8DES028,cypha
8DES029,cypha
8DES032,cypha
8DES033,cypha
8DES034,cypha
8DES036,cypha
8DES037,cypha
8DES038,cypha
8DES039,cypha
8DES040,cypha
8DES041,cypha
8DES042,cypha
8DES043,cypha
8DES044,cypha
8DES045,cypha
8DES046,cypha
8DES047,cypha
8DES048,cypha
8DES049,cypha
8DES050,cypha
8DES051,cypha
8DES30,cypha
8HAV08,cypha
8HAV09,cypha
8HAV10,cypha
8KAN001,cypha
8KAN002,cypha
8KAN003,cypha
8KAN004,cypha
8LAF001,cypha
8LAF002,cypha
8LAF003,cypha
8LAH02,cypha
8LAH03,cypha
8LAH04,cypha
8LAH05,cypha
8LCR001,cypha
8LCR002,cypha
8LCR003,cypha
8LCR004,cypha
8LCR005,cypha
8LCR006,cypha
8LCR070,cypha
8LSF051,cypha
8LSF052,cypha
8LSF053,cypha
8LSF054,cypha
8LWF001,cypha
8LWF002,cypha
8LWF003,cypha
8LWF004,cypha
8RAN001,cypha
8RAN02,cypha
8RAN03,cypha
8RAN04,cypha
8RAN05,cypha
8SAA001,cypha
8SAA002,cypha
8SAA003,cypha
8SAA004,cypha
8SHN001,cypha
8SHN004,cypha
8SHN005,cypha
8SHN006,cypha
8SHN007,cypha
8SHN008,cypha
8WWC01,cypha
8WWC02,cypha
8WWC04,cypha
8WWC052,cypha
8WWC053,cypha
8WWC058,cypha
8WWC05,cypha
8WWC069,cypha
8WWC06,cypha
8WWC070,cypha
8WWC071,cypha
8WWC072,cypha
8WWC073,cypha
8WWC074,cypha
8WWC07,cypha
8WWC08,cypha
8WWC21,cypha
8WWC22,cypha
8WWC23,cypha
8WWC24,cypha
8WWC25,cypha
8WWC26,cypha
8YAM001,cypha
8YAM002,cypha
8YAM003,cypha
8YAM004,cypha
8YAM005,cypha
8YAM006,cypha
8YAM007,cypha
9BFC001,robusta
9BFE001,robusta
9BFH001,robusta
9BFJ001,robusta
9BFR001,robusta
9BKR011,robusta
9BKR012,robusta
9BKR013,robusta
9BKR014,robusta
9BKR020,robusta
9BKR021,robusta
9BKR022,robusta
9BKR023,robusta
9BKR024,robusta
9BKR025,robusta
9BKR041,robusta
9BTL002,robusta
9C15001,robusta
9C15002,robusta
9C15003,robusta
9C15004,robusta
9C15005,robusta
9C15006,robusta
9C15021,robusta
9C15022,robusta
9C15023,robusta
9C15024,robusta
9DES001,robusta
9DES003,robusta
9DES04,robusta
9DES05,robusta
9DES06,robusta
9DES07,robusta
9DES08,robusta
9DES09,robusta
9DES10,robusta
9DES11,robusta
9DES12,robusta
9DES13,robusta
9DES14,robusta
9DES15,robusta
9DES16,robusta
9DES17,robusta
9DES18,robusta
9DES19,robusta
9DES20,robusta
9DES21,robusta
9DES22,robusta
9DES23,robusta
9DES24,robusta
9FRL001,robusta
9GRU001,robusta
9GRU002,robusta
9HMB001,robusta
9HMF001,robusta
9HMF002,robusta
9HMH001,robusta
9HMJ001,robusta
9HMJ002,robusta
9HMN001,robusta
9HMR002,robusta
9HMX001,robusta
9LHL001,robusta
9LHL002,robusta
9LHL004,robusta
9LHL005,robusta
9LYC001,robusta
9LYC002,robusta
9LYC003,robusta
9LYC004,robusta
9LYC005,robusta
9LYC006,robusta
9LYC007,robusta
9MCJ001,robusta
9MCO001,robusta
9MCO003,robusta
9MCO004,robusta
9MCO005,robusta
9MCO006,robusta
9MCO007,robusta
9MCO008,robusta
9MCO009,robusta
9MCO010,robusta
9MCO011,robusta
9MCS001,robusta
9MCS003,robusta
9MCS004,robusta
9MCT001,robusta
9MCT002,robusta
9MCW001,robusta
9MCW002,robusta
9MDC001,robusta
9MDC002,robusta
9MKH001,robusta
9MKH002,robusta
9MKH003,robusta
9MKH016,robusta
9MKH017,robusta
9MKH018,robusta
9MKH019,robusta
9MKM001,robusta
9MKM002,robusta
9MKM003,robusta
9MKM004,robusta
9MKM005,robusta
9MKM006,robusta
9NFL001,robusta
9NJA001,robusta
9NJA002,robusta
9NJA003,robusta
9NJA004,robusta
9NJA005,robusta
9NJA006,robusta
9NJA007,robusta
9NJA008,robusta
9NJA009,robusta
9NJA010,robusta
9SNP001,robusta
9SNP002,robusta
9SNP003,robusta
9SNP004,robusta
9SNP005,robusta
9SNP006,robusta
9SNP007,robusta
9SNP008,robusta
9SNW001,robusta
9SNW002,robusta
9SNW003,robusta
9SNW004,robusta
9SNW005,robusta
9SNW006,robusta
9SNW007,robusta
9SNW008,robusta
9SRR002,robusta
9SRR003,robusta
9SRR004,robusta
9SRR005,robusta
9SRR006,robusta
9SRR007,robusta
9SRR008,robusta
9SRR009,robusta
9SRR010,robusta
9SRR011,robusta
9SRR012,robusta
9SRR013,robusta
9SRR014,robusta
9SRR016,robusta
9SRR017,robusta
9SRR018,robusta
9SRR019,robusta
9SRR020,robusta
9SRR021,robusta
9SRR023,robusta
9SRR024,robusta
9SRR025,robusta
9SRR026,robusta
9WLA001,robusta
9WLA002,robusta
9WLA003,robusta
9WLA004,robusta
9WRW001,robusta
9WRW002,robusta
9WRW003,robusta
9WRW011,robusta
9WRW012,robusta
9WRW013,robusta
9WRW014,robusta
9WRW025,robusta
9WRW026,robusta
9WRW027,robusta
9WRW028,robusta
9WRW029,robusta
9WRW030,robusta
9WRW031,robusta
9WRW24,robusta
9WWC002,robusta
9WWC003,robusta
9WWC004,robusta
9WWC005,robusta
9WWC006,robusta
9WWC045,robusta
9WWC046,robusta
9WWC048,robusta
9WWC049,robusta
9WWC07,robusta
9WWC08,robusta
9WYO001,robusta
9WYO002,robusta
9WYO003,robusta
9WYO004,robusta
9WYO005,robusta
9YAM001,robusta
9YAM002,robusta
9YAM003,robusta
9YAM004,robusta
9YAM005,robusta
9YAM006,robusta
9YAM007,robusta
9YAM022,robusta
9YAM023,robusta
9YAM024,robusta
9YAM025,robusta
9YAM042,robusta
9YAM043,robusta
9YAM044,robusta
9YAM045,robusta
9YDT001,robusta
9YDT002,robusta
9YDT003,robusta
9YDT004,robusta
9YDT005,robusta