8126M01,HGCN
8126M02,HGCN
8194M01,HGCN
8194M02,HGCN
830M001,HGCN
830M002,HGCN
830M003,HGCN
830M005,HGCN
830M006,HGCN
830M07,HGCN
830M08,HGCN
844M001,HGCN
844M002,HGCN
868M01,HGCN
868M02,HGCN
8BKR001,HBKR
8BKR003,HBKR
8BKR004,HBKR
8BKR005,HBKR
8BKR006,HBKR
8BKR007,HBKR
8BKR008,HBKR
8BKR009,HBKR
8BKR010,HBKR
8BKR031,HBKR
8BKR032,HBKR
8BKR033,HBKR
8BKR034,HBKR
8BKR035,HBKR
8BKR036,HBKR
8BKR037,HBKR
8BKR038,HBKR
8BKR049,HBKR
8DES025,HDES
8DES026,HDES
8DES028,HDES
8DES029,HDES
8DES032,HDES
8DES033,HDES
8DES034,HDES
8DES036,HDES
8DES037,HDES
8DES038,HDES
8DES039,HDES
8DES040,HDES
8DES041,HDES
8DES042,HDES
8DES043,HDES
8DES044,HDES
8DES045,HDES
8DES046,HDES
8DES047,HDES
8DES048,HDES
8DES049,HDES
8DES050,HDES
8DES051,HDES
8DES30,HDES
8HAV08,HGCN
8HAV09,HGCN
8HAV10,HGCN
8KAN001,HGCN
8KAN002,HGCN
8KAN003,HGCN
8KAN004,HGCN
8LAF001,HLCR
8LAF002,HLCR
8LAF003,HLCR
8LAH02,HLCR
8LAH03,HLCR
8LAH04,HLCR
8LAH05,HLCR
8LCR001,HLCR
8LCR002,HLCR
8LCR003,HLCR
8LCR004,HLCR
8LCR005,HLCR
8LCR006,HLCR
8LCR070,HLCR
8LSF051,HLCR
8LSF052,HLCR
8LSF053,HLCR
8LSF054,HLCR
8LWF001,HLCR
8LWF002,HLCR
8LWF003,HLCR
8LWF004,HLCR
8RAN001,HGCN
8RAN02,HGCN
8RAN03,HGCN
8RAN04,HGCN
8RAN05,HGCN
8SAA001,HGCN
8SAA002,HGCN
8SAA003,HGCN
8SAA004,HGCN
8SHN001,HGCN
8SHN004,HGCN
8SHN005,HGCN
8SHN006,HGCN
8SHN007,HGCN
8SHN008,HGCN
8WWC01,HWWC
8WWC02,HWWC
8WWC04,HWWC
8WWC052,HWWC
8WWC053,HWWC
8WWC058,HWWC
8WWC05,HWWC
8WWC069,HWWC
8WWC06,HWWC
8WWC070,HWWC
8WWC071,HWWC
8WWC072,HWWC
8WWC073,HWWC
8WWC074,HWWC
8WWC07,HWWC
8WWC08,HWWC
8WWC21,HWWC
8WWC22,HWWC
8WWC23,HWWC
8WWC24,HWWC
8WWC25,HWWC
8WWC26,HWWC
8YAM001,HYAM
8YAM002,HYAM
8YAM003,HYAM
8YAM004,HYAM
8YAM005,HYAM
8YAM006,HYAM
8YAM007,HYAM
9BFC001,RMGR
9BFE001,RMGR
9BFH001,RMGR
9BFJ001,RMGR
9BFR001,RMGR
9BKR011,RBKR
9BKR012,RBKR
9BKR013,RBKR
9BKR014,RBKR
9BKR020,RBKR
9BKR021,RBKR
9BKR022,RBKR
9BKR023,RBKR
9BKR024,RBKR
9BKR025,RBKR
9BKR041,RBKR
9BTL002,RUGR
9C15001,RC15
9C15002,RC15
9C15003,RC15
9C15004,RC15
9C15005,RC15
9C15006,RC15
9C15021,RC15
9C15022,RC15
9C15023,RC15
9C15024,RC15
9DES001,RDES
9DES003,RDES
9DES04,RDES
9DES05,RDES
9DES06,RDES
9DES07,RDES
9DES08,RDES
9DES09,RDES
9DES10,RDES
9DES11,RDES
9DES12,RDES
9DES13,RDES
9DES14,RDES
9DES15,RDES
9DES16,RDES
9DES17,RDES
9DES18,RDES
9DES19,RDES
9DES20,RDES
9DES21,RDES
9DES22,RDES
9DES23,RDES
9DES24,RDES
9ECC001,RECC
9ECC002,RECC
9ECC003,RECC
9ECC004,RECC
9ECC005,RECC
9ECC006,RECC
9ECC007,RECC
9ECC008,RECC
9ECC009,RECC
9ECC010,RECC
9ECC011,RECC
9ECC012,RECC
9ECC013,RECC
9ECC014,RECC
9ECC015,RECC
9ECC016,RECC
9FRL001,RUGR
9GRU001,RMGR
9GRU002,RMGR
9HMB001,RMGR
9HMF001,RMGR
9HMF002,RMGR
9HMH001,RMGR
9HMJ001,RMGR
9HMJ002,RMGR
9HMN001,RMGR
9HMR002,RMGR
9HMX001,RMGR
9LHL001,RUGR
9LHL002,RUGR
9LHL004,RUGR
9LHL005,RUGR
9LYC001,RYAM
9LYC002,RYAM
9LYC003,RYAM
9LYC004,RYAM
9LYC005,RYAM
9LYC006,RYAM
9LYC007,RYAM
9MCJ001,RMGR
9MCO001,RMCO
9MCO003,RMCO
9MCO004,RMCO
9MCO005,RMCO
9MCO006,RMCO
9MCO007,RMCO
9MCO008,RMCO
9MCO009,RMCO
9MCO010,RMCO
9MCO011,RMCO
9MCS001,RMGR
9MCS003,RMGR
9MCS004,RMGR
9MCT001,RMGR
9MCT002,RMGR
9MCW001,RMGR
9MCW002,RMGR
9MDC001,RLSR
9MDC002,RLSR
9MKH001,RLSR
9MKH002,RLSR
9MKH003,RLSR
9MKH016,RLSR
9MKH017,RLSR
9MKH018,RLSR
9MKH019,RLSR
9MKM001,RLSR
9MKM002,RLSR
9MKM003,RLSR
9MKM004,RLSR
9MKM005,RLSR
9MKM006,RLSR
9NFL001,RUGR
9NJA001,RNJA
9NJA002,RNJA
9NJA003,RNJA
9NJA004,RNJA
9NJA005,RNJA
9NJA006,RNJA
9NJA007,RNJA
9NJA008,RNJA
9NJA009,RNJA
9NJA010,RNJA
9SNP001,RLSR
9SNP002,RLSR
9SNP003,RLSR
9SNP004,RLSR
9SNP005,RLSR
9SNP006,RLSR
9SNP007,RLSR
9SNP008,RLSR
9SNW001,RLSR
9SNW002,RLSR
9SNW003,RLSR
9SNW004,RLSR
9SNW005,RLSR
9SNW006,RLSR
9SNW007,RLSR
9SNW008,RLSR
9SRR002,RSRR
9SRR003,RSRR
9SRR004,RSRR
9SRR005,RSRR
9SRR006,RSRR
9SRR007,RSRR
9SRR008,RSRR
9SRR009,RSRR
9SRR010,RSRR
9SRR011,RSRR
9SRR012,RSRR
9SRR013,RSRR
9SRR014,RSRR
9SRR016,RSRR
9SRR017,RSRR
9SRR018,RSRR
9SRR019,RSRR
9SRR020,RSRR
9SRR021,RSRR
9SRR023,RSRR
9SRR024,RSRR
9SRR025,RSRR
9SRR026,RSRR
9WLA001,RUGR
9WLA002,RUGR
9WLA003,RUGR
9WLA004,RUGR
9WRW001,RWRW
9WRW002,RWRW
9WRW003,RWRW
9WRW011,RWRW
9WRW012,RWRW
9WRW013,RWRW
9WRW014,RWRW
9WRW025,RWRW
9WRW026,RWRW
9WRW027,RWRW
9WRW028,RWRW
9WRW029,RWRW
9WRW030,RWRW
9WRW031,RWRW
9WRW24,RWRW
9WWC002,RWWC
9WWC003,RWWC
9WWC004,RWWC
9WWC005,RWWC
9WWC006,RWWC
9WWC045,RWWC
9WWC046,RWWC
9WWC048,RWWC
9WWC049,RWWC
9WWC07,RWWC
9WWC08,RWWC
9WYO001,RUGR
9WYO002,RUGR
9WYO003,RUGR
9WYO004,RUGR
9WYO005,RUGR
9YAM001,RYAM
9YAM002,RYAM
9YAM003,RYAM
9YAM004,RYAM
9YAM005,RYAM
9YAM006,RYAM
9YAM007,RYAM
9YAM022,RYAM
9YAM023,RYAM
9YAM024,RYAM
9YAM025,RYAM
9YAM042,RYAM
9YAM043,RYAM
9YAM044,RYAM
9YAM045,RYAM
9YDT001,RYAM
9YDT002,RYAM
9YDT003,RYAM
9YDT004,RYAM
9YDT005,RYAM